763,0.999999998686909,1.31309065284218E-09
770,0.99999909014084,9.09859159596299E-07
862,4.27565669063958E-09,0.999999995724343
2013,1,7.31623105739079E-98
348,0.999990911425487,9.08857451339079E-06
2005,1,3.43565081635848E-91
359,0.999990786676828,9.21332317206279E-06
473,5.43898038760842E-08,0.999999945610196
104,0.999999999992011,7.98869298478517E-12
2018,1,2.33483318533008E-87
431,1.3917708796178E-05,0.999986082291204
18,1.63046939418623E-09,0.999999998369531
533,4.39513658134437E-13,0.99999999999956
819,1.99097627136622E-06,0.999998009023729
346,0.999991398756276,8.60124372374418E-06
866,3.80107764575981E-11,0.999999999961989
844,0.99999815419009,1.84580990949875E-06
256,0.999999997750598,2.24940188986651E-09
997,8.37148920270031E-05,0.999916285107973
836,0.999999970070614,2.99293864345888E-08
2006,1.50916745457773E-131,1
107,0.999999999991741,8.25929873942242E-12
2007,1,5.03183545106794E-87
2001,3.41979065461716E-56,1
869,0.999999999980885,1.91146421202728E-11
489,0.999999277365817,7.22634183230235E-07
361,0.999999863149777,1.36850222807204E-07
253,0.260961710359909,0.739038289640091
647,2.98953167727015E-05,0.999970104683227
880,0.99990806205908,9.19379409201698E-05
320,2.09297251580013E-12,0.999999999997907
430,0.999999864697687,1.35302313328006E-07
856,0.999999989773815,1.02261848352516E-08
635,1.08363973987459E-08,0.999999989163603
544,0.999999833276708,1.66723291613144E-07
540,0.99999999025192,9.74807949957849E-09
245,0.999999342837106,6.57162893425886E-07
573,1.13294664853141E-12,0.999999999998867
870,3.52692250827544E-12,0.999999999996473
2014,2.42498833273058E-118,1
351,0.999999935742194,6.42578064772905E-08
871,6.4904028864938E-09,0.999999993509597
228,0.000757112061226416,0.999242887938774
581,0.999999999875636,1.24363789515841E-10
79,0.99999999989883,1.01169473082853E-10
985,0.999999999690279,3.09721304181797E-10
628,0.999999999999186,8.14239428456458E-13
777,0.999999998954702,1.04529805796948E-09
529,3.06476546891985E-14,0.999999999999969
644,2.40712379115832E-12,0.999999999997593
2011,1,8.68538611955585E-98
2017,9.76369364913355E-130,1
2004,1,2.63646538566933E-59
171,0.999999954108873,4.58911275294638E-08
437,6.34785056604726E-09,0.999999993652149
215,1.43140561336314E-10,0.99999999985686
412,7.07016499580125E-11,0.999999999929298
190,1.28729296007874E-05,0.999987127070399
2002,3.07440968161232E-82,1
765,1.44153413281136E-09,0.999999998558466
834,4.64447792897995E-11,0.999999999953555
332,3.22325597964417E-10,0.999999999677675
356,4.07630350571974E-05,0.999959236964943
263,4.66918782816565E-10,0.999999999533081
22,0.99631706311268,0.00368293688731972
169,2.37943779401193E-05,0.99997620562206
652,0.999999999996245,3.75457912968047E-12
521,1.0344017758655E-12,0.999999999998966
478,0.999976321541913,2.3678458087065E-05
586,2.92223549810997E-08,0.999999970777645
168,0.999999942599673,5.74003269015181E-08
810,0.999999999341028,6.58972377836344E-10
918,0.999999996390059,3.6099412507735E-09
2010,2.83152822612702E-63,1
803,1.39462724924892E-09,0.999999998605373
479,1.08097871199601E-05,0.99998919021288
125,0.999999997879889,2.12011084229875E-09
905,1.55254309408641E-10,0.999999999844746
927,8.9224478089319E-11,0.999999999910776
906,1.56859035445573E-12,0.999999999998431
468,0.999982084160648,1.79158393522358E-05
728,0.999999999896016,1.03984121644575E-10
841,0.999999999608487,3.91513022754096E-10
402,8.66066554614741E-10,0.999999999133933
598,0.999075286537137,0.000924713462863537
2012,1,1.63867043620551E-93
463,0.999998462614486,1.53738551410375E-06
91,0.999999999862505,1.37494898834788E-10
589,0.999999522990625,4.77009375203166E-07
705,2.70147102421167E-13,0.99999999999973
477,0.999628610916889,0.000371389083110847
507,0.999999886996599,1.13003400544951E-07
966,0.999965620101979,3.43798980214544E-05
604,0.999999995880529,4.11947053020469E-09
523,0.999999999795272,2.04727818735807E-10
224,0.999999999585582,4.14417699502363E-10
365,1.65688656897476E-11,0.999999999983431
72,0.00233514303668805,0.997664856963312
516,0.999999999278974,7.21026240972818E-10
790,3.79413684243235E-09,0.999999996205863
563,0.999999999909126,9.08736994736224E-11
864,0.999999998675967,1.32403286870277E-09
2000,2.87035000932488E-91,1
82,9.5360705692907E-14,0.999999999999905
921,0.999999996902142,3.09785788166462E-09
59,5.16557351469771E-18,1
911,0.999999997045497,2.95450292606091E-09
80,1.17283771127064E-13,0.999999999999883
953,0.999999999909655,9.03450024179298E-11
717,0.99999998348806,1.65119400896233E-08
158,0.999999999879737,1.20263431167604E-10
469,4.79589122874073E-07,0.999999520410877
303,0.99999967849165,3.21508349952972E-07
883,1.81305299632038E-13,0.999999999999819
498,5.16857457036611E-09,0.999999994831425
2019,1,1.23213334720245E-93
526,8.60759885609486E-11,0.999999999913924
476,0.999997481721745,2.51827825527563E-06
325,0.999999999702152,2.97848236504128E-10
379,0.999997966677716,2.03332228379114E-06
755,0.999999999561696,4.38304253751436E-10
923,9.92343679027605E-06,0.99999007656321
853,5.9946626561789E-11,0.999999999940053
2009,7.05496403065888E-62,1
898,0.732259423188053,0.267740576811947
364,0.992341244457104,0.00765875554289601
832,0.999999999689769,3.10230579122635E-10
901,0.999999977458414,2.25415856107705E-08
2008,7.95793416175604E-16,0.999999999999999
663,0.999999998398508,1.60149204517674E-09
640,1.89391655649163E-14,0.999999999999981
831,4.87333767798251E-11,0.999999999951267
796,8.65303629648335E-14,0.999999999999913
475,0.0982652216339603,0.90173477836604
935,0.999999538177636,4.61822364023519E-07
776,3.45639927182334E-07,0.999999654360073
754,0.999999989054589,1.09454107079794E-08
48,4.54058602740324E-18,1
262,0.999999998018494,1.98150586135176E-09
887,1.83784761641257E-13,0.999999999999816
566,0.999999999910433,8.95666730434087E-11
711,3.18388382016714E-12,0.999999999996816
447,2.05297209917625E-09,0.999999997947028
954,0.999999999913686,8.63141171523425E-11
838,0.000158444368953446,0.999841555631046
572,1.29938264931615E-13,0.99999999999987
646,0.999999999417523,5.82477221892825E-10
372,3.28062415669692E-07,0.999999671937584
278,0.999931350588043,6.86494119571776E-05
363,0.999997762149554,2.23785044594445E-06
319,0.999991867513417,8.13248658330006E-06
423,0.999999514117119,4.85882881208691E-07
295,0.999999965590405,3.44095947854557E-08
912,2.7902544990275E-09,0.999999997209746
285,0.999999746166281,2.53833718646299E-07
842,1.32871577913191E-11,0.999999999986713
424,0.999999696693025,3.03306975337818E-07
631,0.999999998352062,1.64793814756395E-09
641,0.999999997567908,2.43209164179088E-09
599,0.999999999875636,1.24363789515841E-10
248,1.95247685135597E-07,0.999999804752315
749,0.999955135214316,4.4864785683859E-05
895,7.41394679191906E-05,0.999925860532081
874,0.999999872356474,1.27643526335625E-07
722,4.4491379171869E-12,0.999999999995551
353,0.999999928398467,7.16015325336822E-08
890,0.999999996587408,3.41259147581562E-09
724,0.0153059570200122,0.984694042979988
992,1.97144123068114E-08,0.999999980285588
858,0.999988718885925,1.12811140755296E-05
153,0.999999999267407,7.32593009750013E-10
2003,3.68596259242654E-124,1
142,0.999999783230223,2.16769777184992E-07
347,0.99999016985639,9.83014360957488E-06
5,1.37196604791926E-18,1
729,0.999999998143449,1.85655123821108E-09
200,0.999999962196553,3.78034473560337E-08
15,0.999999999980573,1.94265692931928E-11
2016,2.22397556552969E-131,1
122,0.999999437246343,5.62753657310073E-07
187,0.765100423606839,0.234899576393161
611,0.999999995237601,4.76239871670304E-09
439,0.999999848626134,1.51373865692178E-07
720,0.99999990450994,9.54900604025119E-08
298,0.040442707474926,0.959557292525074
101,6.36704285789822E-08,0.999999936329571
46,8.32034733384818E-14,0.999999999999917
995,2.47814868493982E-08,0.999999975218513
177,0.999999999456893,5.43106598375389E-10
835,0.999999949582808,5.04171923264776E-08
64,1.82260958581014E-09,0.99999999817739
302,0.999999658469529,3.41530471457992E-07
55,0.999999999997755,2.24457068952464E-12
574,0.999999998160131,1.83986908496889E-09
514,0.99999986751893,1.32481069859646E-07
406,4.75470966710239E-12,0.999999999995245
854,0.999999992684822,7.31517759984345E-09
933,0.999999996807328,3.19267235843289E-09
43,4.36002971283883E-18,1
393,0.999999979313495,2.06865049265238E-08
607,4.74001354042039E-12,0.99999999999526
381,9.04494161773711E-13,0.999999999999095
247,3.37638228518126E-11,0.999999999966236
487,1.91897475471974E-12,0.999999999998081
277,0.99999992057934,7.94206598727687E-08
493,0.999999287408676,7.12591323729125E-07
109,0.999999999936713,6.32866555336843E-11
999,6.8199944458822E-07,0.999999318000555
358,0.999991372837281,8.62716271875714E-06
591,0.000116513917807645,0.999883486082192
569,0.999999999895446,1.04553807187186E-10
585,0.999999986356769,1.36432306432607E-08
716,2.6363685528702E-12,0.999999999997364
746,6.61402564224561E-10,0.999999999338597
698,0.999999994586327,5.41367311000436E-09
0,0.999999999735522,2.6447757361434E-10
384,0.363729914322399,0.636270085677601
907,0.999999999854145,1.45855201756494E-10
616,0.999999999969895,3.0104659208132E-11
2,0.999999999998077,1.9228408558982E-12
969,0.999999765548249,2.34451751354937E-07
665,9.20552146511777E-10,0.999999999079448
686,0.999999995273287,4.72671249022751E-09
300,0.814613026078298,0.185386973921702
499,3.71422885017007E-10,0.999999999628577
558,0.999999986726294,1.32737064301047E-08
131,2.26074160877645E-11,0.999999999977393
934,6.88493493793151E-09,0.999999993115065
979,0.99990998522586,9.00147741397239E-05
470,0.999386793081167,0.000613206918833108
12,0.999999999981933,1.80670685353718E-11
464,0.8226331988562,0.1773668011438
2015,6.74981193747974E-127,1
925,0.999999996299921,3.70007941556543E-09
180,3.23151812924538E-11,0.999999999967685
452,1.36336570926377E-10,0.999999999863663
910,0.99999999633738,3.66262031586436E-09
261,0.999999905217795,9.47822045727283E-08
817,2.79608780783073E-10,0.999999999720391
399,1.00723185566303E-07,0.999999899276814
642,1.81916707052166E-14,0.999999999999982
735,0.99999999917181,8.28189388503244E-10
25,0.999999735056163,2.64943836966279E-07
639,4.16736757232244E-15,0.999999999999996
497,1.65443785903496E-05,0.99998345562141
432,2.14126646573574E-12,0.999999999997859
614,6.83902600650421E-13,0.999999999999316
622,0.999999999999094,9.0639025714509E-13
674,0.99999999946795,5.32049863053012E-10
441,1.30912675945768E-10,0.999999999869087
74,3.27383241070234E-09,0.999999996726168
732,4.14949190349407E-13,0.999999999999585
950,5.91514240376919E-12,0.999999999994085
51,0.999999999983507,1.64928056035928E-11
414,1.21629651304116E-06,0.999998783703487
160,1.7657855450875E-11,0.999999999982342
849,4.4546451135336E-05,0.999955453548865
239,8.08855450661927E-13,0.999999999999191
21,0.999997747063812,2.25293618805038E-06
221,3.18541603890563E-09,0.999999996814584
425,0.999997374544191,2.62545580919364E-06
188,0.999999584776343,4.15223656656713E-07
808,7.7069926032208E-12,0.999999999992293
382,0.999898107383132,0.000101892616867616
818,0.999999999299901,7.00099426119027E-10
268,0.999999990925169,9.07483089474201E-09
446,1.97129845200988E-09,0.999999998028701
69,0.999999997291142,2.70885820105401E-09
254,0.999999850720681,1.49279318870741E-07
561,0.999999983543052,1.64569477844758E-08
773,0.999999999178415,8.21584794252626E-10
17,1.77027889334715E-13,0.999999999999823
998,0.999999993524431,6.47556852660596E-09
284,0.999999994770375,5.22962532150271E-09
11,0.999999999690261,3.09738562705428E-10
420,0.00168588435844235,0.998314115641558
530,3.15768985102151E-14,0.999999999999968
554,5.99344303466186E-11,0.999999999940066
878,1.95565668965773E-05,0.999980443433103
811,0.98710139535325,0.0128986046467498
903,1.55592469609379E-11,0.999999999984441
630,0.999966170957434,3.38290425661479E-05
141,3.25897357096847E-15,0.999999999999997
675,3.34302184728138E-12,0.999999999996657
1,0.999999999999893,1.07416810695635E-13
638,3.48200350047244E-12,0.999999999996518
36,0.999999953932658,4.60673423901118E-08
269,2.59276987512713E-12,0.999999999997407
40,8.46279295770072E-16,0.999999999999999
706,6.85685122172008E-10,0.999999999314315
767,5.42260335283603E-10,0.99999999945774
760,1.90757452595097E-11,0.999999999980924
94,1.06113257266143E-13,0.999999999999894
855,1.34301952463164E-11,0.99999999998657
774,0.999999999939762,6.02380700660014E-11
946,3.02644199728384E-12,0.999999999996974
506,0.999999869360096,1.30639903580587E-07
97,0.999999797185068,2.02814932205444E-07
865,2.66507629158319E-11,0.999999999973349
987,1.78853269806179E-08,0.999999982114673
416,9.24592843000646E-11,0.999999999907541
208,0.999999680251952,3.19748048444154E-07
120,0.999999997594628,2.40537190035075E-09
238,0.999999997228716,2.77128439855362E-09
655,0.999999999471489,5.2851072381467E-10
246,0.999999997374207,2.62579286867742E-09
368,1.46491071590717E-11,0.999999999985351
116,0.999999999928544,7.14559028014997E-11
103,0.999999999946608,5.33922880537151E-11
667,0.999999989577726,1.04222743385804E-08
100,0.99999999999272,7.27980101417631E-12
450,1.58100334758562E-10,0.9999999998419
286,0.999999995819152,4.18084788354301E-09
485,1.42829072851312E-12,0.999999999998572
931,7.07300334201416E-11,0.99999999992927
114,9.13008187237899E-15,0.999999999999991
673,1.15768897486192E-06,0.999998842311025
24,0.999999956693212,4.33067881461943E-08
502,0.999999999278974,7.21026240972818E-10
429,0.999999971985906,2.80140937108765E-08
338,9.60191905811894E-07,0.999999039808094
896,0.996264746757686,0.00373525324231379
194,0.999999661655538,3.38344462361022E-07
725,0.999999999224936,7.75064045101768E-10
885,3.43124388851303E-11,0.999999999965688
305,2.40140509093803E-11,0.999999999975986
982,0.999999999591572,4.08428220202815E-10
924,1.71860426066465E-08,0.999999982813957
494,0.993275698070905,0.00672430192909534
314,0.999999640668452,3.59331547652318E-07
227,0.999999849886775,1.50113225050613E-07
128,0.999999995960189,4.03981090627918E-09
812,2.65475608609377E-08,0.999999973452439
436,1.74363018364074E-06,0.999998256369816
610,0.999999995996206,4.00379338543708E-09
703,3.09018860289462E-12,0.99999999999691
152,1.22456784572554E-13,0.999999999999878
45,0.999999999985035,1.49647476310808E-11
132,3.23608486566938E-14,0.999999999999968
276,0.999999998176742,1.82325828335762E-09
695,7.19990696502695E-05,0.99992800093035
813,0.999999999597539,4.02461249463635E-10
117,0.999999999992236,7.76436580615655E-12
50,0.999999999984416,1.55844647710694E-11
291,0.999945456383903,5.45436160969411E-05
306,0.999999965205461,3.47945395250732E-08
671,1.01078711313638E-09,0.999999998989213
551,0.99992173785701,7.82621429900439E-05
408,0.999999989059959,1.09400414834614E-08
653,0.999999969457669,3.05423314030354E-08
603,0.999998028136509,1.97186349099239E-06
751,0.99999999235863,7.64137022879423E-09
802,0.99999999933174,6.68259570752522E-10
98,9.45578477049677E-14,0.999999999999906
133,0.999999972205875,2.77941248259001E-08
266,0.999999989406683,1.05933165218552E-08
636,3.01942025872155E-12,0.999999999996981
823,6.05295948680974E-08,0.999999939470405
908,0.000512195503206078,0.999487804496794
327,0.0317837010312726,0.968216298968727
968,0.999999848796998,1.5120300177395E-07
84,0.999999999093325,9.06674519973216E-10
643,1.84296786536138E-13,0.999999999999816
350,0.999998872632191,1.12736780886259E-06
60,0.999999981653612,1.83463879200894E-08
144,3.19151775335462E-05,0.999968084822466
548,0.0192993910226416,0.980700608977358
618,0.000396249387703021,0.999603750612297
287,0.9999999500936,4.99063995286267E-08
809,0.999999999216557,7.83443202452379E-10
197,5.40760478841398E-09,0.999999994592395
216,0.999999698266348,3.01733651394393E-07
154,0.999999999896976,1.03024420709977E-10
743,0.999999991249227,8.75077299364137E-09
407,1.03373698016761E-09,0.999999998966263
201,0.999999541937976,4.58062024488745E-07
545,1.25557689964687E-09,0.999999998744423
281,0.842198648787057,0.157801351212943
543,1.03118699128703E-06,0.999998968813009
788,0.999999999987433,1.25673997681283E-11
670,0.999999998802161,1.19783923550216E-09
970,0.999999844428459,1.55571540834753E-07
237,0.999999996626648,3.37335199563269E-09
984,2.8806780371524E-05,0.999971193219628
10,0.999999486916791,5.13083209326803E-07
38,1.66701837027558E-06,0.99999833298163
940,3.15443917813801E-13,0.999999999999685
377,0.999999861007221,1.38992779326079E-07
30,0.999999956693212,4.33067881461943E-08
32,0.99241030601577,0.00758969398423023
6,0.999999999999744,2.55702548786919E-13
397,0.999999981516508,1.84834923859316E-08
371,0.0193517574171444,0.980648242582856
333,9.5337670612587E-07,0.999999046623294
44,0.999999999997818,2.18154182973775E-12
198,0.999999993348446,6.65155417498405E-09
58,0.999999999985455,1.45445287515589E-11
542,4.11452874720602E-05,0.999958854712528
597,3.24700162561816E-11,0.99999999996753
331,5.28339888459673E-07,0.999999471660111
392,0.00170975174881983,0.99829024825118
889,0.999999952562967,4.74370328449743E-08
922,0.999999966302613,3.36973867806042E-08
517,2.4618964366292E-09,0.999999997538104
669,0.999999987428284,1.25717162817608E-08
731,0.999999990112454,9.8875455159921E-09
322,0.999999999663091,3.36908529605227E-10
471,0.000122354228789355,0.999877645771211
974,7.74304856873574E-10,0.999999999225695
977,0.999999998709208,1.29079241924188E-09
279,1.06112490683182E-07,0.999999893887509
629,0.999999999986014,1.39861563222769E-11
846,0.999999999954785,4.52153252459293E-11
92,1.80838979864494E-10,0.999999999819161
843,0.999999999529726,4.70273955814008E-10
549,0.999995860215413,4.13978458658657E-06
396,0.999997811558592,2.18844140851547E-06
209,2.61539345201685E-11,0.999999999973846
525,0.999999999527802,4.72197714223659E-10
733,0.999999990249868,9.75013253227359E-09
474,0.0398795617259093,0.960120438274091
707,2.2448281912176E-12,0.999999999997755
203,0.999996358462943,3.64153705662026E-06
799,1.0535646010604E-11,0.999999999989464
289,0.99999996596637,3.40336301620714E-08
233,0.99999999959011,4.09889706360397E-10
847,0.999999999936124,6.38763493086679E-11
562,1.29938264931615E-13,0.99999999999987
955,0.999999754734554,2.4526544572442E-07
504,3.65733660074085E-07,0.99999963426634
172,0.999999785730054,2.1426994567651E-07
75,0.999999998118672,1.88132848555169E-09
552,0.999959570370332,4.04296296679331E-05
989,0.999999544371062,4.5562893834284E-07
386,0.999999863477968,1.36522032031858E-07
805,6.11948303905202E-12,0.999999999993881
593,0.999999983543052,1.64569477844758E-08
734,3.78713199174671E-12,0.999999999996213
520,0.999999996927007,3.07299319588014E-09
942,2.98099109336801E-13,0.999999999999702
7,0.00014476110186346,0.999855238898137
780,0.999999999988815,1.11848668960156E-11
274,0.999999984668898,1.53311022024085E-08
328,0.999997579688368,2.42031163201862E-06
210,3.6690260065226E-11,0.99999999996331
515,0.999999903194927,9.68050728087944E-08
404,0.999993748618596,6.2513814044649E-06
357,0.0697086456374115,0.930291354362588
882,0.999999999979679,2.03213022848449E-11
13,0.999999999997698,2.30153667138742E-12
627,3.07672158025356E-14,0.999999999999969
973,7.42493858896178E-10,0.999999999257506
352,0.0562061123276564,0.943793887672344
991,0.999999999621383,3.78617408514441E-10
524,0.999999999975653,2.43473481745813E-11
435,3.18176004847297E-08,0.9999999681824
567,0.999999997932709,2.06729060950956E-09
685,0.999999957270994,4.27290056127037E-08
330,2.9978790011966E-11,0.999999999970021
196,0.999999955915374,4.40846261184491E-08
271,3.18883785946818E-12,0.999999999996811
491,0.999825857384937,0.000174142615063439
570,0.999999999893463,1.06537018342303E-10
553,1.58783104705413E-09,0.999999998412169
23,2.5000623330409E-10,0.999999999749994
148,1.4462016667311E-13,0.999999999999855
590,0.999999946670826,5.3329173994457E-08
800,0.999999999422396,5.77603675929137E-10
697,0.999999996024252,3.97574828934659E-09
615,0.999999999472964,5.27036302485716E-10
938,1.0121427479495E-10,0.999999999898786
592,0.999999987974766,1.20252345463185E-08
472,5.94852916977521E-07,0.999999405147083
73,0.999999999884723,1.15276843142153E-10
649,0.999999999995598,4.40173194151976E-12
457,2.6381542167719E-07,0.999999736184578
919,0.999881434147476,0.000118565852524167
329,0.999999999592384,4.0761557631609E-10
96,0.999999999200851,7.99148971376652E-10
206,3.63701177657634E-11,0.99999999996363
837,0.0247123102389776,0.975287689761023
62,7.80860079504033E-16,0.999999999999999
223,0.999999997294904,2.7050961601549E-09
576,1.58108527810444E-13,0.999999999999842
756,5.39471753024139E-12,0.999999999994605
362,0.999999976915446,2.30845538069184E-08
996,0.999999994374483,5.62551739340211E-09
191,0.307568615492548,0.692431384507452
794,2.21710128898092E-09,0.999999997782899
29,1.03229861970499E-05,0.999989677013803
147,1.5424051887314E-10,0.999999999845759
8,0.999999999999053,9.46984492869011E-13
336,0.999999999957903,4.2097155017548E-11
582,0.999999983771764,1.6228235990444E-08
972,0.999987945514245,1.20544857552397E-05
827,4.8198518188382E-12,0.99999999999518
151,0.999999999986932,1.3067769577179E-11
772,0.999999991990432,8.00956830659969E-09
460,0.999946922001569,5.30779984310292E-05
422,2.16167340414988E-05,0.999978383265958
448,1.1230128428016E-08,0.999999988769872
326,0.99999999962869,3.71310430448514E-10
872,0.999999999897868,1.021322179649E-10
232,2.14288480518229E-11,0.999999999978571
672,3.73203034215537E-12,0.999999999996268
492,0.999999456708869,5.43291130683735E-07
789,1.07326970017069E-13,0.999999999999893
958,9.54434147542811E-06,0.999990455658525
449,0.00186460564830264,0.998135394351697
894,0.845766495797208,0.154233504202792
140,1.81247159208674E-07,0.999999818752841
766,2.16576790388572E-12,0.999999999997834
839,3.67111220533313E-12,0.999999999996329
161,2.08766055881426E-07,0.999999791233944
4,0.999999999999889,1.11022447414975E-13
179,0.999997720347928,2.27965207145492E-06
709,2.20856346033869E-12,0.999999999997792
681,5.37347565768899E-05,0.999946265243423
937,0.999999895728447,1.04271552704107E-07
243,5.34958743626595E-12,0.999999999994651
444,0.999999992586135,7.41386463482847E-09
620,5.7629385672965E-12,0.999999999994237
401,4.9503909803166E-12,0.99999999999505
119,1.07387084244424E-15,0.999999999999999
741,4.16753336391173E-13,0.999999999999583
688,0.000124246576130609,0.999875753423869
173,4.06493375750504E-11,0.999999999959351
89,4.7956383050396E-06,0.999995204361695
981,0.999999957605683,4.23943168328989E-08
273,0.999543680056297,0.00045631994370268
157,0.999999999233127,7.66873106307303E-10
535,0.999999910928353,8.90716473371279E-08
118,0.999999999947787,5.22134478366511E-11
965,0.994459149157974,0.00554085084202612
290,7.67150410153933E-08,0.999999923284959
199,3.42702430590366E-11,0.99999999996573
129,2.24825188433875E-13,0.999999999999775
374,0.999997665043884,2.33495611636553E-06
53,8.73260234096471E-16,0.999999999999999
213,0.999919548046843,8.04519531570374E-05
761,1.89826354940685E-12,0.999999999998102
311,0.95975435632951,0.0402456436704895
702,0.999999999870476,1.29523992490048E-10
867,5.78803792063445E-10,0.999999999421196
637,3.28347969784498E-14,0.999999999999967
651,1.90042557487841E-11,0.999999999980996
181,0.999999936470464,6.35295355130802E-08
344,1.64175799546208E-06,0.999998358242005
645,0.99999999940309,5.96909745701329E-10
230,0.000127337637326659,0.999872662362673
19,0.99999999895082,1.04917987082209E-09
534,0.99999999997354,2.64605478933121E-11
509,8.94656373435636E-12,0.999999999991053
461,5.07493854530048E-07,0.999999492506145
538,0.999999995989606,4.01039386303311E-09
501,5.22294031956716E-08,0.999999947770597
159,0.999999999900299,9.97014600294031E-11
28,2.48393450347052E-12,0.999999999997516
684,0.999999999967363,3.26371440758142E-11
78,0.999999999986213,1.37870396858423E-11
915,0.999999998351486,1.64851458053761E-09
121,2.4305625010004E-13,0.999999999999757
571,0.999999985902053,1.40979473315076E-08
857,1.11308324530204E-11,0.999999999988869
418,0.993728888763586,0.00627111123641418
20,0.999999984115982,1.58840176467268E-08
321,2.7784790794368E-13,0.999999999999722
370,1.2632541481328E-11,0.999999999987367
134,0.999999997348179,2.65182104445727E-09
845,0.999999999939105,6.08948937985889E-11
52,0.999999998753801,1.24619881333055E-09
126,1.09371556935304E-08,0.999999989062844
249,1.38838779271135E-09,0.999999998611612
27,0.999999690723315,3.092766846419E-07
31,5.61201423430143E-10,0.999999999438799
798,0.999999999999268,7.31642930945202E-13
701,0.999966845353909,3.31546460914592E-05
189,0.99999999445164,5.54836014853302E-09
428,0.000502153514470857,0.999497846485529
721,9.411653773812E-09,0.999999990588346
434,3.72838937944253E-11,0.999999999962716
784,1.0308842649287E-12,0.999999999998969
546,4.65361437723398E-10,0.999999999534639
876,0.999999999980885,1.91146421202728E-11
455,0.999998540595831,1.45940416940768E-06
830,0.999999994790272,5.20972777135466E-09
888,2.26346937514196E-13,0.999999999999774
465,0.999999757312787,2.42687212850562E-07
270,1.03247412268148E-06,0.999998967525877
90,1.17283771127064E-13,0.999999999999883
893,0.999991370276205,8.62972379461334E-06
775,0.999994979047951,5.02095204943986E-06
443,0.999999994061666,5.93833369642571E-09
967,9.96992047932122E-10,0.999999999003008
378,0.999997697494036,2.3025059635265E-06
511,5.94185014615439E-08,0.999999940581499
482,1.07911111973481E-07,0.999999892088888
340,9.13410076303596E-07,0.999999086589924
426,2.82614344299574E-11,0.999999999971739
264,4.10627204955853E-12,0.999999999995894
175,0.999999999173732,8.26268089705414E-10
962,0.997248902414103,0.00275109758589741
886,1.52795991435658E-11,0.99999999998472
656,2.60691985251384E-05,0.999973930801475
868,0.999999999682259,3.17741365237257E-10
959,0.999999998304344,1.69565573926173E-09
852,1.26972711127074E-11,0.999999999987303
395,0.999997913704679,2.08629532115135E-06
971,0.999999809822282,1.90177717525578E-07
67,5.98679196665745E-16,0.999999999999999
820,1.00377305652362E-07,0.999999899622694
445,1.11067770016381E-10,0.999999999888932
220,0.99999999716246,2.8375395114755E-09
373,0.999999983580317,1.641968276779E-08
105,0.999999999922273,7.77269197602093E-11
726,0.999999998501789,1.49821038754699E-09
807,9.03153847023032E-11,0.999999999909684
309,0.998811352610993,0.001188647389007
66,0.999999999649604,3.50395982990605E-10
299,0.9999984231555,1.57684449970995E-06
757,0.999999998523948,1.47605235300202E-09
956,3.16885076946564E-13,0.999999999999683
928,0.999999966770925,3.32290745693475E-08
349,0.999752267592914,0.000247732407086416
83,0.999999999868742,1.31258472475099E-10
779,0.999999999922478,7.75222623109526E-11
61,9.15276020689092E-16,0.999999999999999
47,0.99999999964042,3.59580158064337E-10
260,0.999999919177561,8.08224385466143E-08
185,5.72781767719131E-07,0.999999427218232
679,4.7384503096689E-12,0.999999999995262
850,1.4060001438794E-11,0.99999999998594
605,5.96302528532562E-12,0.999999999994037
550,5.65944819619608E-05,0.999943405518038
804,5.34610658366472E-12,0.999999999994654
71,3.51643406903276E-11,0.999999999964836
9,0.999999999891697,1.08302984136562E-10
458,0.999998833047399,1.16695260060032E-06
293,0.999999965590405,3.44095947854557E-08
957,0.999999997879085,2.12091532408225E-09
578,0.999999999896455,1.03545396460502E-10
165,9.94627266507156E-10,0.999999999005373
626,0.999999999879999,1.20000864188936E-10
902,5.66457324987906E-06,0.99999433542675
676,4.37445577039017E-12,0.999999999995626
692,1.70795918580134E-11,0.99999999998292
580,0.999999998270384,1.72961616532257E-09
879,4.36805770551874E-09,0.999999995631942
539,0.999999999980665,1.93349518089271E-11
680,0.999999999970954,2.90457298953485E-11
527,3.15768985102151E-14,0.999999999999968
337,0.999998070082079,1.92991792077238E-06
229,0.999999999650373,3.49626773635076E-10
137,0.999999999619711,3.80289431744322E-10
37,2.55924795934643E-12,0.999999999997441
764,0.999999998984054,1.01594547623213E-09
272,0.999999264089712,7.35910287955459E-07
518,2.4618964366292E-09,0.999999997538104
41,0.999999999996709,3.29140453369042E-12
360,0.989761592138171,0.0102384078618288
752,8.9485855284911E-10,0.999999999105141
288,0.999999959930036,4.00699644381371E-08
308,2.33760547470748E-11,0.999999999976624
634,0.999999996922299,3.07770127181398E-09
568,0.999999999213385,7.86614458288671E-10
163,0.000514826335178465,0.999485173664822
192,3.62642470116069E-11,0.999999999963736
342,0.999999493400993,5.06599006829407E-07
367,0.999999863149777,1.36850222807204E-07
275,0.999999998308463,1.69153687667956E-09
123,0.999999999517899,4.82100828497178E-10
394,0.999927200532431,7.27994675690366E-05
737,4.28651770545977E-12,0.999999999995713
822,0.999999995408111,4.59188882306876E-09
715,3.05727674233646E-12,0.999999999996943
108,0.999999976218263,2.37817374452017E-08
99,2.19257603299837E-11,0.999999999978074
904,1.27954849292398E-10,0.999999999872045
409,0.108309223823961,0.891690776176039
421,1.14251363042139E-06,0.99999885748637
537,7.63380826906378E-11,0.999999999923662
829,4.28672871466494E-06,0.999995713271285
678,2.365626712428E-12,0.999999999997634
207,0.999911714727531,8.82852724692713E-05
366,0.99999985659571,1.43404290075935E-07
110,2.56314786693211E-11,0.999999999974369
683,1.12837279252002E-11,0.999999999988716
913,0.999999998855036,1.1449636910076E-09
500,1.19056675719282E-09,0.999999998809433
112,0.99999999992482,7.51802929292906E-11
587,0.999999972893079,2.71069206755932E-08
250,0.999999977676776,2.23232245400054E-08
565,2.0632241771325E-09,0.999999997936776
944,3.1992669006977E-12,0.999999999996801
219,3.93232014448418E-08,0.999999960676798
884,0.999999999977796,2.22042110091573E-11
33,7.14498188891826E-12,0.999999999992855
240,0.999999829033942,1.70966057516477E-07
218,1.13361544337916E-06,0.999998866384557
184,2.67581144767342E-11,0.999999999973242
863,0.999999997505729,2.49427048881288E-09
782,0.999999999999237,7.63390762316094E-13
713,2.71630384359662E-12,0.999999999997284
619,0.999999995371332,4.62866777212312E-09
380,2.95569240836777E-11,0.999999999970443
881,2.2944237175472E-13,0.999999999999771
816,0.999999999930027,6.99726956535326E-11
848,0.999999993123179,6.87682049732509E-09
531,2.5646343412641E-09,0.999999997435366
459,0.999324240970026,0.000675759029974102
369,0.999999869155634,1.30844366191919E-07
462,5.80326900707798E-07,0.999999419673099
410,1.04452257966535E-06,0.99999895547742
623,4.38818868269425E-14,0.999999999999956
577,1.02311505158648E-13,0.999999999999898
113,2.62091285251369E-13,0.999999999999738
941,0.999999926741572,7.32584280205077E-08
398,1.30878115812385E-09,0.999999998691219
106,0.999999999937558,6.24416211803493E-11
130,3.37984473289862E-08,0.999999966201553
193,0.999999947208479,5.27915213959948E-08
650,0.999999999580294,4.19706051931043E-10
186,0.999999947586168,5.24138322489714E-08
932,1.33736062975726E-08,0.999999986626394
532,3.77610120758099E-05,0.999962238987924
519,0.999999888567073,1.11432926684968E-07
719,0.999999997975315,2.02468496610522E-09
612,0.999999995880529,4.11947053020469E-09
795,0.99999999982933,1.70670261442252E-10
307,0.999999645662289,3.54337710472623E-07
768,1.89826354940685E-12,0.999999999998102
3,2.26898911083873E-16,1
600,8.18727280737558E-13,0.999999999999181
85,0.99999999906713,9.32870057583358E-10
662,0.458856915349667,0.541143084650333
687,7.58708351367234E-07,0.999999241291649
617,5.740400140321E-13,0.999999999999426
315,0.000369256387553642,0.999630743612446
873,0.999414734005745,0.000585265994254798
930,1.270243442005E-08,0.999999987297566
14,1.07196032031324E-17,1
136,0.0813883498767399,0.91861165012326
557,6.91655944067752E-06,0.999993083440559
654,0.999999999574379,4.25621157335785E-10
748,0.999999999932939,6.70608485763653E-11
467,0.999977271275702,2.27287242979867E-05
700,0.999999997916818,2.08318193494601E-09
710,2.6363685528702E-12,0.999999999997364
297,0.999999995819152,4.18084788354301E-09
840,1.4060001438794E-11,0.99999999998594
283,0.99999999576023,4.23977044531475E-09
341,3.33423525273354E-09,0.999999996665765
202,0.988151845531545,0.0118481544684554
149,7.35977756593073E-05,0.999926402224341
682,1.1012166910849E-13,0.99999999999989
317,2.87495844510654E-06,0.999997125041555
948,0.993120028408839,0.00687997159116074
718,0.999999813103507,1.86896492916465E-07
427,2.82614344299574E-11,0.999999999971739
541,0.999999974381207,2.56187926576042E-08
164,0.01628961626982,0.98371038373018
666,0.773128533104897,0.226871466895103
595,4.11264166460507E-11,0.999999999958873
183,2.64731288510525E-11,0.999999999973527
339,0.99999999963015,3.69850004741864E-10
391,0.99999758809647,2.41190353028586E-06
815,5.7679848124375E-13,0.999999999999423
390,0.999999896954676,1.03045324083531E-07
440,0.999999993483404,6.5165963469878E-09
986,0.999999999489141,5.10859398795182E-10
926,5.13481965647528E-12,0.999999999994865
318,3.68766474966765E-06,0.99999631233525
579,1.27839139382909E-13,0.999999999999872
861,0.999999922440061,7.75599389396298E-08
608,0.999999999769157,2.30842811468009E-10
480,1.20369544102872E-08,0.999999987963046
70,8.95049390460068E-16,0.999999999999999
259,0.999999978191141,2.18088589518259E-08
704,0.998113073368726,0.00188692663127434
453,2.051772460501E-08,0.999999979482275
258,0.999999996921616,3.07838400369543E-09
63,0.99999999998368,1.63200636631049E-11
385,1.07760068007283E-12,0.999999999998922
602,0.00017784036440105,0.999822159635599
792,0.999999978622884,2.13771162702517E-08
964,0.999999998522048,1.47795206289119E-09
556,1.59030960347529E-09,0.99999999840969
174,0.99999999917662,8.23380350163222E-10
825,3.42407715084077E-09,0.999999996575923
438,0.999866250784524,0.000133749215475718
355,5.60000981548817E-12,0.9999999999944
111,0.999999998465748,1.53425183467017E-09
988,1.0287310910805E-10,0.999999999897127
419,0.999998733298577,1.266701422844E-06
696,9.04418499378901E-15,0.999999999999991
155,0.00233234897692146,0.997667651023079
632,0.999999998905576,1.09442427982128E-09
690,0.999999999517158,4.82842093700357E-10
178,0.999999993482388,6.51761151485688E-09
376,0.999999975443941,2.45560591121868E-08
16,0.999999999985714,1.42859853116831E-11
115,0.999999999564721,4.35278574753932E-10
484,0.178252451394633,0.821747548605367
204,1.30641791876553E-06,0.999998693582081
54,0.999999999997679,2.32060236910471E-12
301,0.999999545585482,4.54414518022141E-07
42,6.17886607617721E-14,0.999999999999938
242,8.34193486625547E-09,0.999999991658065
744,0.999999992535786,7.46421412168886E-09
454,1.65517037431597E-09,0.99999999834483
252,3.72054279533627E-11,0.999999999962795
976,0.999999750603326,2.49396674176234E-07
559,0.999999857175444,1.4282455637776E-07
596,0.999999999879128,1.20871581457106E-10
961,0.999999998088768,1.91123212960333E-09
510,0.999999993640317,6.35968300369584E-09
265,0.999999203012495,7.96987505116176E-07
689,0.999999995426795,4.57320472200235E-09
917,0.999999977140726,2.28592742650474E-08
389,3.71642566451827E-05,0.999962835743355
522,0.999999999606848,3.93152216769873E-10
661,0.00543189313717581,0.994568106862824
255,0.999999805765539,1.94234460838877E-07
76,0.999999753188856,2.46811144151567E-07
588,1.39717351075657E-13,0.99999999999986
433,1.83159448275631E-11,0.999999999981684
57,0.999999999981202,1.87985331987692E-11
456,2.38069340893576E-09,0.999999997619307
81,0.999999999807525,1.92475440106532E-10
345,0.999948416774929,5.15832250713875E-05
304,2.27020812591141E-05,0.999977297918741
150,0.999999993232194,6.76780610714342E-09
594,9.55025789463573E-10,0.999999999044974
225,1.17229703902354E-08,0.99999998827703
723,0.99999999987274,1.27260006578984E-10
943,2.6425664572228E-13,0.999999999999736
375,2.9789061170293E-06,0.999997021093883
88,9.01172596060743E-14,0.99999999999991
742,0.999993758124964,6.24187503546626E-06
162,0.999992849929867,7.15007013255107E-06
417,0.999999924778082,7.52219184148841E-08
694,0.999999999766541,2.33458921367973E-10
659,0.999999999409023,5.90977181726287E-10
483,0.999999876033436,1.23966564154137E-07
481,0.999999939613865,6.03861344636251E-08
691,1.50560176886704E-08,0.999999984943982
949,0.999999999983509,1.649064787439E-11
324,0.999999999584434,4.15566220540909E-10
814,8.16858169399972E-10,0.999999999183142
983,0.999990829079713,9.1709202872046E-06
753,1.01803106705142E-09,0.999999998981969
323,5.35623197003372E-09,0.999999994643768
413,0.999999931271403,6.87285972935581E-08
26,0.999999956693212,4.33067881461943E-08
660,4.17713565284045E-12,0.999999999995823
897,0.999999999729253,2.70746557913951E-10
442,0.999985473425202,1.45265747984024E-05
411,1.47162471052779E-06,0.99999852837529
235,7.72882778797454E-09,0.999999992271172
503,0.999999992471528,7.52847224834419E-09
877,0.529931362747999,0.470068637252001
801,4.92090798557991E-13,0.999999999999508
282,1.30254945616178E-11,0.999999999986974
310,2.19877860332265E-08,0.999999978012214
244,0.000634238845191193,0.999365761154809
383,9.36277476888283E-13,0.999999999999064
68,1.59627651297192E-13,0.99999999999984
528,3.97980336536561E-14,0.99999999999996
900,0.999999977458414,2.25415856107705E-08
916,0.971189812114001,0.0288101878859988
102,0.99999999992482,7.51802929292906E-11
231,0.999999997265021,2.73497897153671E-09
693,0.999999999727477,2.72523453429495E-10
584,0.000147090975332603,0.999852909024667
354,7.40232599820009E-12,0.999999999992598
451,2.68185862315499E-06,0.999997318141377
806,0.999999999969793,3.02073524892441E-11
929,0.99890998550544,0.00109001449455992
951,0.999999988411734,1.15882656803373E-08
334,0.999999999584434,4.15566220540909E-10
495,0.999443141310773,0.0005568586892272
781,0.999999999993456,6.54427529813926E-12
613,4.04146075848984E-07,0.999999595853924
945,0.136255525455016,0.863744474544984
564,0.999999999873884,1.26116504113384E-10
793,0.999999999999304,6.95649821103334E-13
87,0.999999999983757,1.62427301640345E-11
143,0.999999999900299,9.97014600294031E-11
39,5.31709149162756E-08,0.999999946829085
952,0.999999999931489,6.85108682206747E-11
762,0.999999999343149,6.56850820585748E-10
560,1.27839139382909E-13,0.999999999999872
86,0.99999999998336,1.66402501962798E-11
712,2.79817083584327E-13,0.99999999999972
296,1.81417386159379E-09,0.999999998185826
624,0.999999999981561,1.84393943749482E-11
490,4.50772842355813E-11,0.999999999954923
677,0.999999990141434,9.85856586195709E-09
335,0.999999999592384,4.0761557631609E-10
343,8.77648037638198E-06,0.999991223519624
664,1.36876430089858E-07,0.99999986312357
978,6.10203416009385E-10,0.999999999389797
875,0.999998971676413,1.02832358686675E-06
214,3.07963113211089E-11,0.999999999969204
217,0.999999993914578,6.08542184294879E-09
212,3.07963113211089E-11,0.999999999969204
135,2.60903292030729E-14,0.999999999999974
739,3.96560538475948E-11,0.999999999960344
575,0.999999997903574,2.09642586207611E-09
505,2.3894478382208E-09,0.999999997610552
400,0.600166865091171,0.399833134908828
750,3.87583968764275E-13,0.999999999999612
785,0.999998870395191,1.12960480900975E-06
234,0.999999847114658,1.52885342372499E-07
387,0.9999998516287,1.4837130018568E-07
738,4.65777930773036E-12,0.999999999995342
95,8.22101201699077E-13,0.999999999999178
65,0.999999999987039,1.29608605866295E-11
257,0.999999978866107,2.11338930372077E-08
508,0.999999993667626,6.33237387672059E-09
824,2.92122277736869E-09,0.999999997078777
601,5.72599228159072E-11,0.99999999994274
740,0.999999999941992,5.80075725595921E-11
388,4.79025728042716E-06,0.99999520974272
783,0.999382789858054,0.000617210141945954
745,0.999999999932939,6.70608485763653E-11
826,5.54048810256701E-12,0.999999999994459
939,4.63359706308791E-12,0.999999999995366
892,0.999999999703674,2.96326078165485E-10
787,0.999999999994315,5.68520498555194E-12
797,0.999999999999268,7.31642930945202E-13
714,0.739401678270848,0.260598321729152
226,6.31704828379148E-13,0.999999999999368
936,1.72022351633622E-08,0.999999982797765
891,0.999999999978419,2.15807037572543E-11
222,6.26520283065375E-05,0.999937347971693
786,0.999999999999258,7.41954302531002E-13
583,0.999999987974766,1.20252345463185E-08
56,0.999999999984416,1.55844647710694E-11
77,0.999999999986024,1.39762803195214E-11
975,0.999999834511686,1.65488314615149E-07
34,1.14205082328229E-08,0.999999988579492
771,0.999999999546797,4.53203361545764E-10
606,6.12615955867369E-13,0.999999999999387
176,0.999999999493913,5.06086808086932E-10
536,0.999999999827056,1.72943989639098E-10
205,8.54721001888381E-06,0.999991452789981
708,3.32275458770815E-12,0.999999999996677
960,8.061210055395E-10,0.999999999193879
851,0.99999999960861,3.91389684837524E-10
658,0.999999999488805,5.11194720650531E-10
621,3.48363465808841E-12,0.999999999996516
49,4.4443838498767E-18,1
828,4.04558749022597E-12,0.999999999995955
730,3.79457201793217E-12,0.999999999996205
512,0.999999888567073,1.11432926684968E-07
236,0.999999999584334,4.15666465610247E-10
241,1.46203783400073E-09,0.999999998537962
35,0.999966867864903,3.31321350965456E-05
993,0.999999960146134,3.98538660107515E-08
947,3.08653281448787E-14,0.999999999999969
138,0.999999999550069,4.4993071399457E-10
292,3.37990703396072E-07,0.999999662009297
833,0.999999992252868,7.74713243122373E-09
466,0.999999790075773,2.09924227434854E-07
403,0.999998572436393,1.42756360672393E-06
211,0.999987037419456,1.29625805437395E-05
156,3.03509045022777E-08,0.999999969649096
167,0.794941436551285,0.205058563448715
769,1.86759749797995E-12,0.999999999998132
313,2.89942286263779E-11,0.999999999971006
747,0.998608393275465,0.00139160672453458
146,0.99543207298683,0.00456792701316984
625,0.999999999999302,6.97523300468621E-13
699,0.999999999970388,2.96122741551145E-11
859,0.999999999521975,4.78025065886103E-10
736,5.41192398801654E-12,0.999999999994588
791,0.999999999894035,1.05964761745309E-10
990,1.02311353762797E-11,0.999999999989769
166,0.999999734299819,2.65700180690967E-07
899,0.999999999967123,3.28770148489433E-11
860,8.45834813500053E-05,0.99991541651865
909,0.999999999735997,2.6400275169733E-10
668,0.987239181869362,0.0127608181306382
633,0.999999999378691,6.21309573331089E-10
294,0.9999999641461,3.5853900068619E-08
139,1.376624698843E-09,0.999999998623375
145,3.74031191174772E-06,0.999996259688088
415,0.999999819653274,1.80346726523019E-07
648,2.60180343095791E-06,0.999997398196569
994,0.999999994981058,5.01894199728373E-09
267,0.999999888551237,1.11448763150585E-07
609,0.99999756117746,2.43882253981637E-06
280,0.999999698667822,3.01332178397596E-07
920,0.999999739962954,2.60037045765037E-07
124,0.99999999948937,5.10629785480985E-10
980,0.948969451784846,0.0510305482151537
759,0.999998810229822,1.18977017835097E-06
963,0.999999998362731,1.63726896164175E-09
496,0.9999999691265,3.08734998622822E-08
170,0.999871808283037,0.000128191716962829
486,0.999833813903683,0.00016618609631684
93,0.999999999828022,1.71977737792839E-10
778,0.999999985727093,1.42729072433725E-08
727,0.99999998867544,1.13245600018672E-08
758,3.33597288206287E-12,0.999999999996664
488,4.37507515545521E-11,0.999999999956249
547,0.999934685894814,6.53141051860623E-05
316,0.999999692176354,3.07823645544973E-07
127,3.05814746050587E-14,0.999999999999969
182,0.998592801378267,0.00140719862173329
821,0.999999999601856,3.98143680030936E-10
914,4.75359438391862E-10,0.999999999524641
513,8.68328458214427E-12,0.999999999991317
312,0.999999590433217,4.09566782743249E-07
657,2.32343930107016E-13,0.999999999999768
251,0.907286960029216,0.0927130399707838
405,1.70756393665736E-10,0.999999999829244
555,6.00572565751515E-12,0.999999999993994
195,0.999999952622978,4.7377021650532E-08
